name,agency,image_url
Alpha,Firefly,https://storage.googleapis.com/nextspaceflight/media/rockets/Alpha.webp
Amur,Roscosmos,https://storage.googleapis.com/nextspaceflight/media/rockets/default.jpg
Angara 1,Khrunichev,https://storage.googleapis.com/nextspaceflight/media/rockets/Angara_1.2.webp
Angara A5,Khrunichev,https://storage.googleapis.com/nextspaceflight/media/rockets/Angara_A5_BrizM.webp
Antares,Northrop,https://storage.googleapis.com/nextspaceflight/media/rockets/Antares_110.webp
Ares 1,NASA,https://storage.googleapis.com/nextspaceflight/media/rockets/Ares_1-X.webp
Ariane 1,Arianespace,https://storage.googleapis.com/nextspaceflight/media/rockets/Ariane_1.webp
Ariane 2,Arianespace,https://storage.googleapis.com/nextspaceflight/media/rockets/Ariane_2.webp
Ariane 3,Arianespace,https://storage.googleapis.com/nextspaceflight/media/rockets/Ariane_3.webp
Ariane 4,Arianespace,https://storage.googleapis.com/nextspaceflight/media/rockets/Ariane_44L.webp
Ariane 5,Arianespace,https://storage.googleapis.com/nextspaceflight/media/rockets/Ariane_5_ECA.webp
Ariane 6,Arianespace,https://storage.googleapis.com/nextspaceflight/media/rockets/Ariane%2062.webp
ASLV,ISRO,https://storage.googleapis.com/nextspaceflight/media/rockets/ASLV.webp
Athena I,Lockheed,https://storage.googleapis.com/nextspaceflight/media/rockets/Athena_I.webp
Athena II,Lockheed,https://storage.googleapis.com/nextspaceflight/media/rockets/Athena_II.webp
Atlas-Able,General Dynamics,https://storage.googleapis.com/nextspaceflight/media/rockets/Atlas-D_Able.webp
Atlas-Agena,General Dynamics,https://storage.googleapis.com/nextspaceflight/media/rockets/Atlas-LV3_Agena-A.webp
Atlas-Altair,Lockheed,https://storage.googleapis.com/nextspaceflight/media/rockets/Atlas-EF_Altair.webp
